29a87696b454fa7fd5c05e6f376281e1e4e0fd71,pygame/pygame,",bug,needs-review,Linters"
d7517f14bc45142e4daa188008a220d38163dd62,pygame/pygame,",bug,_sdl2"
f11cdc9dfa37068ca231ba8c922f7694af5e5abf,pygame/pygame,",bug,display,font,color"
8568694cb569b8e4622a06f83cc2e00423da595c,pygame/pygame,",bug,image,docs"
b15da70226def21e8a40ce469333db83642a805b,pygame/pygame,",bug,enhancement,C code,Code quality/robustness"
627938fdb436d5f4d4451e71257154ce4bda94ec,pygame/pygame,",bug,camera"
e54950a5adb4e3734ad91eec2cd7f92f4b77bb63,pygame/pygame,",bug,tests,locals"
31394225b6fa73de4934af476ebbf2e14b82ee39,pygame/pygame,",bug,buildconfig"
d2944942b98a4116544e5f383d7fc6eca2652996,pygame/pygame,",display,segfault"
8497b4e55b782b7665fb983045bf22b7519ed24c,pygame/pygame,",bug,ftfont"
a36ccd65e50494e65fb241f55b31862f7578a737,pygame/pygame,",bug,docs"
45fae3118d45959d00374db055daa37621fc6604,pygame/pygame,",bug,display,Compatability (Pygame 2)"
e31f8668d2424f77fa245e597d6335e778805cc7,pygame/pygame,",bug,transform,needs-review,threads"
ef30264c6c85d4eeebcbbf3c9b10106782ed4a0b,pygame/pygame,",bug,draw"
c09d677a6c1c2e814683576035f13c6a07d64f67,pygame/pygame,",bug,sprite,types"
fc3e6afca4c896a2b1c1e964eaf563e3cca21149,pygame/pygame,",bug,draw"
c15cc0dd8b4e8b808e658ec89adb02d105e14697,pygame/pygame,",bug,buildconfig,endianness"
40991f75e8b8c14a91acf43d4b16788c409abbf4,pygame/pygame,",enhancement,color,Low Hanging Fruit,good first issue,easy"
875d7c2d23301200a120cb4095c6a44d270a8a7d,pygame/pygame,",bug,sprite,docs,examples"
b72ba793372dfba19f6cfacb9a312b052acf7359,pygame/pygame,",bug,font"
90ebfd5f736511381038034f4e3b95959900d30b,pygame/pygame,",bug,event,display,base"
ddd9be1613fcec9f21935a9b266d41f7ab429d45,pygame/pygame,",bug,examples"
740896a2cb2d32df1f8a177345576b20ce1d9b43,pygame/pygame,",bug,event,display,moderate"
699ba5fb4cabe8f6552b1183c84d8967ff7168ba,pygame/pygame,",bug,reproducible,needs-investigation"
7203737369ddea9427b556c0890de6725cff126f,pygame/pygame,",bug,display"
ed5336da615afa4343ac33de73f06ae13ee0e531,pygame/pygame,",bug,display,Compatability (Pygame 2)"
6cb4bffbf7d91f46309d135287df7ded81d203e7,pygame/pygame,",bug,mixer"
7579a8c8c223180a28da573c884991573f7f83bc,pygame/pygame,",bug,mixer"
5481c21d1344de8ff74bbdc02e9d99b1b16e5822,pygame/pygame,",bug,draw"
9a8737b16ffec7d3b2df9e84c25251a60909f961,pygame/pygame,",bug"
bcecfa7ed30bb19bee70d7774f29202001052eaf,pygame/pygame,",bug,reproducible,needs-investigation"
91df48548aee17615c6ee9d9cc0a86950c1e8fc8,pygame/pygame,",bug,PixelArray"
38b888b61c42ff1f98cd9136083cd614c3ffc815,pygame/pygame,",bug"
066a0bdeee461ab376aec52f5875623c1c36e86d,pygame/pygame,",bug,freetype"
4b1e75e537a08ba90c10c96160d5c80e53e69b06,pygame/pygame,",bug,rect,draw"
f3ac656da14e0a40335c54a6b453c2d15184d4a2,pygame/pygame,",bug,event,time"
d7750a639f7e19db052d53590c23145dfb0d2475,pygame/pygame,",Surface,good first issue,needs-tests,python code,hard"
cca4ac5e0bf4ee69a61677508ce0e29f87c6aebe,pygame/pygame,",good first issue,needs-tests,touch,python code,easy"
cf8e8cea9a68e80dc6854e2c025e51884759586d,pygame/pygame,",display,good first issue,needs-tests,python code,easy"
e40d00db1f8015e8f37624f83a0bd334547cd8dc,pygame/pygame,",bug,event,critical,SDL2"
d77066963d98120caa0f1c786d8a87225671be12,pygame/pygame,",good first issue,needs-tests,threads,python code,easy"
ccf20ebcc4c9fa0ede1e38fbbc05a8d098f91572,pygame/pygame,",good first issue,needs-tests,threads,python code,easy"
004ffe16b121f6b00a956d0d4384a85068940b24,pygame/pygame,",transform,good first issue,needs-tests,python code,easy"
bf1535004c88730aaed6eab968eda954157a32ce,pygame/pygame,",good first issue,needs-tests,threads,python code,easy"
f6dfd85f474fdbc6b86676094d876585cf9e9e0d,pygame/pygame,",transform,good first issue,needs-tests,python code,easy"
ffd17758a238409a472bf13b00549bcc9647dac4,pygame/pygame,",bug,event,critical,SDL2"
4940b9c664f8b063e8f634857c9f79ec5eb736d7,pygame/pygame,",bug,mixer"
1b813ba42bcae6434cafe9177454b20cdab1d535,pygame/pygame,",bug"
5d676a3fe1446e48852fbe7a3904072fdfda31e8,pygame/pygame,",bug,event"
fbb698125c886f4fdfcf04d92da84191cea43087,pygame/pygame,",mouse,good first issue,needs-tests,python code,easy"
096542f3bc2281067cb17da848bd63af0822ed2b,pygame/pygame,",bug,major,Surface"
dc26bd89188eec056a4b550fc9cc04d2d65f3037,pygame/pygame,",display,good first issue,needs-tests,python code,easy"
e4ceebfcd6f8fcf15f60843d8ae693458cf89607,pygame/pygame,",time,good first issue,needs-tests,python code,easy"
0e7b35b3493b0d56819e9b5686bf5b91b5bfe11f,pygame/pygame,",Surface,good first issue,needs-tests,python code,easy"
306d866fdb8f6e56afa9781a9b8ef4f4eca3a83b,pygame/pygame,",bug,display,SDL2,reproducible,segfault"
85becac225d434282caca989f3d2e84c9fc000e6,pygame/pygame,",bug,display,minor,Platform: MacOS"
d55e18541cd5b371a77f6e6a2ff9403889dff775,pygame/pygame,",bug,camera,reproducible"
e8ae327190313422bf57a2c19e09e1105bad5457,pygame/pygame,",bug,major,Surface"
853804f70d3e82c72f623a3d3deb4b637200d3bb,pygame/pygame,",bug,Surface,SDL2"
0f46666fb1706be6e1dcbf0b76742a15732d826b,pygame/pygame,",Surface,draw,good first issue"
c3997fd84a3ed3608f59d71467363812b5870f90,pygame/pygame,",bug,event,time"
fadc91ce392279782c6993b79e4e0239bc379f35,pygame/pygame,",bug,event,time"
455d9edd9c4c3279a6b802644c54b47f30ddc126,pygame/pygame,",event,good first issue,europythonsprint"
fbe6589a8f474de402dd0804b20a9a2bcb70b710,pygame/pygame,",bug,major,examples"
20ff3f8e021d207b6053dd98eadf606c1eb8f451,pygame/pygame,",bug,event"
1aeecd40314ec00c93d975b31a1f4518979d49a9,pygame/pygame,",freetype,good first issue"
40a77c6b9d2c13f017c63f00a85ef4d200b3be3e,pygame/pygame,",freetype,good first issue"
d011583af91483bd5ccc19ae298c0f2e02689dfb,pygame/pygame,",good first issue"
27dcf2b8ce0ae9d1b4135732bd47f61df33e55a2,pygame/pygame,",good first issue"
7e380a90184a540a21c1d569dbb142adc1e93974,pygame/pygame,",bug,draw"
550f0280b7972eb532caad5afc362315bdbf217c,pygame/pygame,",good first issue"
1513720270e118a957b8028121b12101c1c04f8b,pygame/pygame,",font,Low Hanging Fruit,good first issue,Difficulty: Waiting"
d33b702dcfdc3b13479e490961b7f51c7e773d33,pygame/pygame,",bug,minor,draw"
54fc52508fc6ea847b9975971476c23f203aa22e,pygame/pygame,",bug,major,draw"
a04a95b152ade8db6e1e70286ecbaeb48841ca4d,pygame/pygame,",bug,draw"
c540b2d6dd03f48123209e43a37127afb3204bc6,pygame/pygame,",help wanted,draw,Low Hanging Fruit,good first issue"
2e09d1e2430ad1a7ba3658dc9a06642bc4e0ac7e,pygame/pygame,",bug,minor,draw"
318519d1859150011aa907a5a72fbd82157a5fac,pygame/pygame,",bug,minor,draw"
3652e6580fbb4a9c3187bda890d7927b17700ce2,pygame/pygame,",bug,minor,draw"
d91631f4fd92dc3212ad9f3e97b1dc2e44313613,pygame/pygame,",bug,draw,Low Hanging Fruit"
f496d47ea24dd43788e012b3c787eafc9d1db966,pygame/pygame,",bug,draw,Low Hanging Fruit"
d5d5fc59d792bbeccc6535260d5d9fab61e84ffc,pygame/pygame,",bug,major,font"
95b0f80735469b414bf4d2050aeeb7b0507fc69c,pygame/pygame,",bug,minor,draw"
36650a6e0560f298fca17bb6b4745046a14171a4,pygame/pygame,",bug,major,Platform: Gnu/Linux"
d20b62fca42b89bcc3ce0bfee841803ba93f5763,pygame/pygame,",bug,major,Platform: Gnu/Linux"
bc82e4245ec4c84081082e4157fb5d7983887ec8,pygame/pygame,",bug,major"
11b4fca992c459f1291a86c1c76fac6fde86b883,pygame/pygame,",bug,critical"
21d1d9ad9116efca1302e665b894817df57ebc02,pygame/pygame,",bug,major,packaging"
a069a4a111a68b3a8133a19b86925d9b5ad495a2,pygame/pygame,",bug,major,packaging"
bb88c07fabbe7cac2cf4d442c57ebe565f279fc1,pygame/pygame,",bug,minor,color"
ccfd2255937718de5e0d96e302a5accfe7a2675f,pygame/pygame,",bug,minor,scrap"
f9fc4b5b548f655d579e03b48025ffe3cffe3c51,pygame/pygame,",bug,color"
91533e138aa92e165ad4c9738e4184065846ce42,pygame/pygame,",bug,major"
26a33627b8cfd28a31604345aaa8f9c0241b7e14,pygame/pygame,",bug,major"
67cf766124257b0a790e92545e71cec5c8291108,pygame/pygame,",bug,major,Surface,good first issue"
95bf50120604bf9367f2df043d57f7fda81d49ba,pygame/pygame,",bug,minor,freetype"
4c23a6ce02e4fa25ee62ba3d996106dcfd7d3cd4,pygame/pygame,",bug,major,freetype"
c8081f5c3613e6c33f9de56f3293b19725851c76,pygame/pygame,",bug,display,minor"
6b861247161332cf580394152df1394d0e169c11,pygame/pygame,",bug,major,freetype"
7cbf7b87ae53e8dd227fc15a9bd46febdfc81f73,pygame/pygame,",bug,major,packaging"
53678c9c03679c1e6e9f2a68b795bddbb5f711b4,pygame/pygame,",bug,minor,sndarray"
35f8f99703d9980c3c650433c3dec2f189a00c12,pygame/pygame,",bug,event,minor"
a199255e03195af44cf6943ebb1d2e33b8a3e15b,pygame/pygame,",bug,minor,font"
cadd128f037f6c337882a21522f652928afc75bd,pygame/pygame,",bug,minor,freetype"
7d81056d9259a6e2e32eab73977ebbb886a71ae6,pygame/pygame,",bug,major,math"
6d60f64cb082e954f82e429440e8ea0a6be1aef6,pygame/pygame,",bug,major"
7cfadd0e91bc41e9d068d05743f98cb8cb30c5c8,pygame/pygame,",font,Low Hanging Fruit,good first issue,Difficulty: Waiting"
0e7f7b8327a18386843cf7baf4c24f07d826520e,pygame/pygame,",bug,Surface,minor"
cd173f0ebf77e2b652de1a20a5f3eccf78e8cf12,pygame/pygame,",bug,major,freetype"
9f70cf7ffd26fa5268d33ba02ae6dfc924e63bc1,pygame/pygame,",bug,minor,font"
59c44323a04eb099c8aecd3d8fc2f911fea547c0,pygame/pygame,",bug,major,PixelArray"
e6b43515e00143b475c049ecc167870ebdef22aa,pygame/pygame,",bug,major,freetype"
fe2dcee303773d2496685fd3c1b91c9e0ea93613,pygame/pygame,",bug,major,freetype"
c63a27ab089c8e31b0f2e256843d13a07a3b5575,pygame/pygame,",bug,major,math"
b0a264166613fc83cbde5534a39163882745f4f4,pygame/pygame,",bug,major"
cc432aff4bff9d1a587ac2bf06a1ca524320ef8f,pygame/pygame,",bug,major"
24682c6c2033f45eb1328eac81d58d82d7127044,pygame/pygame,",bug,major"
048288254189b1ff17a6ef03ffd331e4d8291d41,pygame/pygame,",bug,major"
f660a89502ec713b0c2f7045565c90005954ebc7,pygame/pygame,",bug,major"
dd44c16a8d8c359f9e2fbb671d3b33e05a40dd3a,pygame/pygame,",bug,minor"
cbe50e7d39f5a705432d1d807eebb2a7b1832021,pygame/pygame,",bug,minor"
0a7e4903fed55d8ed838e60c1599a5dddfb5cadd,pygame/pygame,",bug,major,color"
8eb8b8409870eba99966a6dfc4a8fc01167e59ca,pygame/pygame,",bug,Surface,critical"
be9d14331d11b24e12250516320fc1e121f8edd2,pygame/pygame,",bug,major,Surface"
b6179f77bdc179718583fb1dc04bc4ccaa84bbba,pygame/pygame,",bug,critical"
2ecdbbb8c398c88830687204fdd9ff3c70eb521d,pygame/pygame,",bug,image"
0fee6ea576e8ea109369d99ff19c02170d398eb5,pygame/pygame,",bug,major,surfarray"
83c1c1c048a17cb3fac7309c02b3e54af2870ad4,pygame/pygame,",bug,minor"
eb0fed7b6dcf2750b090969539a27e0c87e5a71f,pygame/pygame,",bug,minor"
4f302912f3b05ef06bde7733fcc9f72efb8abdfb,pygame/pygame,",bug,major,mixer"
c7ec15285c23ce54f466c9a3482b4d087eb8b0ff,pygame/pygame,",bug,major,Surface"
8ac673a145dd4942a8971bbc66fe84390e1cd5b2,pygame/pygame,",bug,cursors"
8553a825358bcb0272676ed463cff0e9fbcb5ed1,pygame/pygame,",bug,event"
53bde75dbc2ad9f9b9325d0477daddbb2f471623,pygame/pygame,",bug,event"
48bdf6c341da2695cc705ae7704389937e9770d2,pygame/pygame,",bug,display"
cdf02aeef4dfdc24b6e16717120396675d29bbcc,pygame/pygame,",bug,major,Surface"
becbe86f6e5b686ad3cfaee3ea6afddffae82170,giampaolo/psutil,",bug"
aa42066eacc5b1a2135d1737d16138de3511868a,giampaolo/psutil,",bug,unix,openbsd"
0e3f6c465181734181f2428b4a99429a82f3fc45,giampaolo/psutil,",bug"
19461905377ce3060b60df1949c082086492dab9,giampaolo/psutil,",bug,netbsd"
a0b096c88421548593ecebe93bbe369385087f3b,giampaolo/psutil,",bug,netbsd"
6e2dc7728f612b91d692fac5ab92cdd4521811c9,giampaolo/psutil,",bug,critical,netbsd"
2da99502238852f18f74db05304e67a01ee77005,giampaolo/psutil,",bug,linux"
8e4099d9f063ceb4ee3da5845562c5b934f83544,giampaolo/psutil,",bug,windows"
735de787b84a1c8410d97ce402847bfc0c535487,giampaolo/psutil,",bug,tests,linux"
b88f4d839dc4d665526e91b098d018a3d796a0ac,giampaolo/psutil,",bug"
29e644042eff71c0ca3706a563d46322822ca28b,giampaolo/psutil,",bug"
a1ae994cabff37eb86c6ca4564b4f193a73a7b0d,giampaolo/psutil,",bug,linux"
2c43bb7b5b4fb45d667d16eb3239fd933b777322,giampaolo/psutil,",bug,macos"
a02ebdedc945fedb7173edfed5ad4d6f7a04a760,giampaolo/psutil,",bug,windows,critical"
88055533025aa92f8c607e05263fc565f8b929ab,giampaolo/psutil,",bug"
dd237b19a4ca286ed7ce9f89b213b2848c9078cf,giampaolo/psutil,",bug,linux"
f95276d744dee12a237d1a3f2836f36340c6abc0,giampaolo/psutil,",bug,tests,macos,need-more-info"
d8a8a85997bd59b720dd7456ebc1835d0e9dcd9b,giampaolo/psutil,",bug,macos"
c70ceea3757a0664131605a012b2d41d81edb935,giampaolo/psutil,",bug,critical,macos"
9e7fd6a6110f07d5afd17f284bdc3f81d25daec1,giampaolo/psutil,",bug,linux"
239ebc19c8477893870e497fd344744cb5d964a7,giampaolo/psutil,",bug,macos"
b4c2124ff1f8f4f1f7f50ad0af6945b0d7e945df,giampaolo/psutil,",bug,windows,critical"
5deeca9e7a104105e17cc16ad4f79b1c5cdca29e,giampaolo/psutil,",bug,sunos"
b2414b83d3d728ec34ea0e35bfb21517ee231401,giampaolo/psutil,",bug,windows"
72c84cb4edb5c0968a83c1f45ad5cc51235e0af3,giampaolo/psutil,",bug,windows"
b57a644c03bf9e1edf1ede2ea46235d5dd119b84,giampaolo/psutil,",bug,sunos"
2963b5f264b451a67dd26e19d38ab890a5bafa41,giampaolo/psutil,",bug"
3c7ef4e20e284431c2471f89ac6afc174d4e2af8,giampaolo/psutil,",bug,windows"
6bb5a30dbf8335db8d9b8c4e81d652f055deea6a,giampaolo/psutil,",bug,netbsd"
9be2120e4b6f43a2450c6ddb86fbc1723dd081e5,giampaolo/psutil,",bug,critical,aix"
05d51649ca709c6626d84cc710c2470d64829848,giampaolo/psutil,",bug,linux"
b583b8b10d744412f0ecd0f8265f6cf73b147d77,giampaolo/psutil,",bug"
b31f3bf778004f1eae6ac552dd8eb8419664ac73,giampaolo/psutil,",bug,critical,macos"
d180e25b871c314614aa96eccadb0bcc0a5df676,giampaolo/psutil,",bug,openbsd,netbsd"
4faef5bc430080e66a8254e0afb8951dc1931ebf,giampaolo/psutil,",bug,windows,critical"
842a50538fb518291079ab5f245cca4c63813cb2,giampaolo/psutil,",bug,freebsd"
7381d4d15dd7fe108e1bf350c3f76035922c6ed4,giampaolo/psutil,",bug,windows,critical"
6f4a6228998df48ee09413377785d13d2eec7998,giampaolo/psutil,",bug,windows,critical"
5398c48047d424af97644879fb4eaa7aad432f58,giampaolo/psutil,",bug"
8f99f3782663959062ee868bbfdbc336307a3a4d,giampaolo/psutil,",bug,linux"
2f9dcf3c7b37d4da155df62bc835ddbdfe10b24f,giampaolo/psutil,",bug,macos"
15b00d8a57630adc4ad31bd28c455382d00f2d36,giampaolo/psutil,",bug,sunos"
a7900080aed852598776cd3b6c8408c117160e8d,giampaolo/psutil,",bug,sunos"
90cb9d19937e630303d5e87e49a4132260316b53,giampaolo/psutil,",bug"
e2d94439387d176f5f84144649e661b0cfcb5969,giampaolo/psutil,",bug,windows"
792499afbfdbad4b84ec5bc4acf2ed4e85310624,giampaolo/psutil,",bug,critical,macos"
1b5f8d55d22167d640eeb52d0b82f69dec83d210,giampaolo/psutil,",bug,linux"
904252e99a9d3217eda01159ab83e9384db54590,giampaolo/psutil,",bug,freebsd"
6276764eb98eccaef87053dba843694c9232a98c,giampaolo/psutil,",bug,sunos"
c08ec74d44e5183dd2e399c96392bcb96d2ea971,giampaolo/psutil,",bug,linux"
006533d55316b6a9eb8004bd1b30acc3257fd15c,giampaolo/psutil,",bug,linux"
ab90e4e6ac73c249cf7aea7e92aec2b6a07ef041,giampaolo/psutil,",bug,windows"
20bb2e7ac54ecd0fd22d13aac3a3890da19d2d63,giampaolo/psutil,",bug,tests"
9c75262c01266a3e2e31cd09d5d9c710d0270e18,giampaolo/psutil,",bug,critical,macos"
ec1d35e41c288248818388830f0e4f98536b93e4,giampaolo/psutil,",bug,windows"
1e49e9e4063bbcffb96092b39f3b8b233153aaf0,giampaolo/psutil,",bug,windows"
d58c4338d64fad9b3c0eebb2451cd55f660e86cf,giampaolo/psutil,",bug,sunos"
6a79a37d6b9a2c0edc1bf695eff34b130cf92768,giampaolo/psutil,",bug,sunos"
cf57b3550aa1d0d3c5698f6bb1922ffb60242a7e,giampaolo/psutil,",bug,windows"
ec3e2efea85b95c42ab3eb497337e6e597e0f9b6,giampaolo/psutil,",bug,freebsd,critical"
e4bdc5932c12168720b45e5fe0abb14e8a38821f,giampaolo/psutil,",bug,freebsd,critical"
fd2205bad09db0efab8958c359897fc1772dc187,giampaolo/psutil,",bug,freebsd"
90df05ccc3800cab3e5e313567237610b23761a1,giampaolo/psutil,",bug,openbsd,memleak"
137e7edf60918196e9338789f27a31fd5920a956,giampaolo/psutil,",bug,critical,netbsd"
8b0c184ec44c4f4e7d49708bb01c4db14d97d9ee,giampaolo/psutil,",bug,netbsd"
26bf47f8066dcff9946f01a0af514bbddb1c23ff,giampaolo/psutil,",bug,linux"
956c1cdc627e9e9f35b56eac13f3ce0c63f953da,giampaolo/psutil,",bug,linux"
b566ae2f14d36fc350462f3e927e4c48673d90a5,giampaolo/psutil,",bug,linux"
49ce1f6de1532fb2be4301f3a62699340cd06a2d,giampaolo/psutil,",bug,windows"
91f26bb3bd08b5bf1db3d185274986962c8bd15a,giampaolo/psutil,",bug"
b06bb03ea543e6e53dc5eda601111855c15e3f7d,giampaolo/psutil,",bug,windows"
319e2fd4f54c6cc1bc2f9f9c8990d8b18593f82e,giampaolo/psutil,",bug,freebsd,critical"
a759a044123c88a856aedb1e1994e8944981ecdf,giampaolo/psutil,",bug,freebsd,openbsd,netbsd,macos,memleak"
ef2e1b1868364f307645724cb615e1f80ad559bc,giampaolo/psutil,",bug,linux"
91068b52e21997b273e5ed678409bdefcd52a3f1,giampaolo/psutil,",bug"
a115de4a07627cd7676a4c2da141a1c856d7af96,giampaolo/psutil,",bug,linux"
5e1d5d772ce1c796269d8b2195af073208a7ed99,giampaolo/psutil,",bug,linux"
17a866b72f5cbd06094529c99a15407b0a9d886a,giampaolo/psutil,",bug,linux"
feeb71389fd5f0e414e6ea8554ab273d296b1b68,giampaolo/psutil,",bug,linux"
6e02e2bfcdabbd2830d998d9f9101d04c0e12792,giampaolo/psutil,",bug,windows"
852cb32371d1f285b75b8ec70a60210dbfa169c6,giampaolo/psutil,",bug,windows"
72f6afc914153156a56c17d7d1689b486168a25e,giampaolo/psutil,",bug,linux"
c414ecd9b9151b05542ead65da1e7bf20ee21861,giampaolo/psutil,",bug"
44ca122c1c7fc131ad7f6587203a5d8d97a4bb30,giampaolo/psutil,",bug,linux"
bde7f7bac923f83cc675c526cca791b9abc9baac,giampaolo/psutil,",bug,linux"
69a273209a41f3c51bdc22d12c9f833ccc68dd55,giampaolo/psutil,",bug,windows"
6a545cf89c263daecdc32e8ce50eca38b04561cb,giampaolo/psutil,",bug"
e8c3b6af1e8495367dfc3bcb5312996f73a4d5d1,giampaolo/psutil,",bug,windows,critical"
ca8b7f49cd2a7c1dd83e514b15e28ab709903227,giampaolo/psutil,",bug,windows,memleak"
3c69a5139e407091efa6c68fe8a8472e5700d130,giampaolo/psutil,",bug,windows,memleak"
d61248b81fd47087ff194019c7567d31c18755a3,giampaolo/psutil,",bug,critical,netbsd"
ae0143bc1f9bef6f19731b2c2b2cf24a5b246a59,giampaolo/psutil,",bug"
97a0c246d65c6adff2600d98e70dfbebe1dbdc84,giampaolo/psutil,",bug,freebsd,openbsd,netbsd"
ce0b47393abf10593572ddd50b43e4e9f56f02e4,giampaolo/psutil,",bug,tests"
9878fbd0aac12904a5c3098d7f3ef79b7d8cfefd,giampaolo/psutil,",bug"
95aea67adb89f7207322ceb3bf91af79e7fa77e9,giampaolo/psutil,",bug"
9068be71df0bbd41127c309afcf2917d0634a088,giampaolo/psutil,",bug,linux"
a956b5fe2aa270b48ae04c41e7b105205488ef5b,giampaolo/psutil,",bug,linux"
601f959a398c80596dbcde1edefe387588b6fbc0,giampaolo/psutil,",bug,windows"
266a99da635c6675160b688f2828c293bbd2f0e8,giampaolo/psutil,",bug,windows"
5f88e8bfa58aaa60e497b78af0e6d7a88fa10d3c,giampaolo/psutil,",bug"
4fd5fc7dfe602169395f4dad90275feda0104ddd,giampaolo/psutil,",bug"
49f85559519acc9bbadcd9ac9dbd79454f21237e,giampaolo/psutil,",bug,windows"
18d8147edc5f4a19b6117ab5f6249fcf39a7360d,giampaolo/psutil,",bug,netbsd"
d0060f0d2d1eae75dc9d419a1a782f19b43bcf6f,giampaolo/psutil,",bug,linux"
984f060eefb328310060e0ec480c5c887b0f9704,giampaolo/psutil,",bug,freebsd"
50fd31a4eaca3e24905b96d587fd08bcf313fc6b,giampaolo/psutil,",bug,linux"
9fc207f78c8eb14a9391c2d5acbe2f1190052ec6,giampaolo/psutil,",bug,linux"
adffc6f72a7f9350c5a6245305f5ffac2fbba2f0,giampaolo/psutil,",bug,netbsd"
853303b66d78cab10cdd01529fe92afefad57cd8,giampaolo/psutil,",bug"
5f02dd0c04576633bd0740c756bef3a64efe3ebc,giampaolo/psutil,",bug,windows"
8304c4d050d629381b8762a66c5fc88f505261cd,giampaolo/psutil,",bug,freebsd"
26fb20f648c66309fb55d872f4b5c5e95884b1a2,giampaolo/psutil,",bug,tests,linux"
e979e2e31413583bf06fbc1f8fe0ddecbd7d71f7,giampaolo/psutil,",bug,freebsd"
608abb1a9a7506817ac7dac3cd639eba9e5a917b,giampaolo/psutil,",bug,tests"
41550ff8b5fd49d8d30d69a254d7b81225e7b000,giampaolo/psutil,",bug,sunos"
9fc4b0e7612306b22189f9ec94d31001b9c60244,giampaolo/psutil,",bug,sunos"
9f394c7a94c55f7d5c26ee6486996c67978b8e15,giampaolo/psutil,",bug,sunos"
7ca207df86ae6a1d4454f9e443c83b6e408d8776,giampaolo/psutil,",bug,tests,sunos"
95625f10d867cb6b88f8b17fbe76611152166a9b,giampaolo/psutil,",bug"
c36da6a78edacc4ce684d8d435ba33b316f35f62,giampaolo/psutil,",bug"
02baf30d1ccbb963821fb6f80addc2f3cc00acfd,giampaolo/psutil,",bug"
6f1b26e39c464e801f83818628dca2c4646decac,giampaolo/psutil,",bug,openbsd"
d8416fbe84b039564920fc896c3fb163b205091d,giampaolo/psutil,",bug"
ac0083df6a16fcbaeff6bddd7255f7ee017c9125,giampaolo/psutil,",bug"
998ceccf9371bc13ec095c5b2941968971dfe33a,giampaolo/psutil,",bug,imported,tests,freebsd,macos"
08c6017fbb2820e7cefed8b0f41f59877969f7f3,giampaolo/psutil,",bug"
967b71d34f2626c9ae6a2d79b912be651302be9d,giampaolo/psutil,",bug,sunos"
9ad3bd7f135c2bb1fc4f890f4c86dd644bfa50d0,giampaolo/psutil,",bug"
241c6baeaf2c59c609f47586a0404cd6c619d205,giampaolo/psutil,",bug,tests"
512909ba5be3dfa529c8cf576e73e9ffdc8afffe,giampaolo/psutil,",bug,doc"
9435a1b67497c0bff7049ec4104c9f0676c37ed9,giampaolo/psutil,",bug,imported,critical,unix"
8ba4601122070b0b7f95a3732e82b1fec936b3d6,giampaolo/psutil,",bug,doc"
5765650c2468ddc64e8e4f1498a8045cae99dddf,giampaolo/psutil,",bug"
f70137e5176f43a907867ba06f699015b5fafb74,giampaolo/psutil,",bug,freebsd,critical"
bc32f8b04e90b7ac739830b52fa8498bd19ee97f,giampaolo/psutil,",bug,freebsd"
b91d2f020c87e5b34cc768f05be7e72c80867c61,giampaolo/psutil,",bug,windows,tests"
76560add8aaee39874170ee53fc27adccf4bc3d5,giampaolo/psutil,",bug,linux"
7f9cb6ec8d975b80957b77c2c5fbeca07236e170,giampaolo/psutil,",bug"
f17eeb6136730eb1ce768b7ed6867380ba37b444,giampaolo/psutil,",bug"
f1275c19ac9e77b9169ca84dfb7d7701a8a2f9d7,giampaolo/psutil,",bug,imported,sunos,critical"
fc024a3cc2f95b46605c8f7c48c64ea6b3f25af5,giampaolo/psutil,",bug"
24007795b2d6e51d13aa8e6ccddf910bf3ebd4d1,giampaolo/psutil,",bug,windows"
dac9954a640e51da63e83f5ea1c10e5ef9900f58,giampaolo/psutil,",bug"
1e5dc37b1d5f1b6653628e055d52157381906414,giampaolo/psutil,",bug,linux"
37f56ffa74b560361f42d73c2d18306dbdfdcd84,giampaolo/psutil,",bug"
ab08172d95dc0f14b9e567383ea76aaea2b732d0,giampaolo/psutil,",bug,windows"
84171a34b489fb77631233b14060222c2975ab12,giampaolo/psutil,",bug"
f3b687e4b95472791739f5f422c00625fe6562e5,giampaolo/psutil,",bug,linux"
ac8afe4720b1c877764b5dea7b01d269250ef318,giampaolo/psutil,",bug,imported,windows,critical"
d19d177c9875fd40b7452225010a287dc177c891,giampaolo/psutil,",bug,imported,sunos,critical"
8703b01c40289a5eba6ea8d7832a8a1a6d60ff4a,giampaolo/psutil,",bug,imported"
cf18ae52882dd5faa1ae7ecce1e0c2eda8dc3f8f,giampaolo/psutil,",bug,imported,freebsd"
ca259eedccafc600ef8f34fffe23511db0be6dfd,giampaolo/psutil,",bug,imported"
87c9b1d175fb177480ef39a2bc892527800f1313,giampaolo/psutil,",bug,imported,windows,critical"
f8d5bf940af4d1df1cc7b74bf52f971d95080737,giampaolo/psutil,",bug,imported,windows"
69cbec62a0bfa7ee6379576de3111a2bfdd44e03,giampaolo/psutil,",bug,imported"
8109807e5c54c6f643769cdc946c9862409e9912,giampaolo/psutil,",bug,imported,linux"
b553832c4368382d091d1d0d6d707fdc340f2a0e,giampaolo/psutil,",bug,imported,windows,memleak"
73a84d21d61bc66d90b8a2ec86c44fa92171bc0d,giampaolo/psutil,",bug,imported,linux,critical"
464db2c0e65c66187d00ddbe8526440559113025,giampaolo/psutil,",bug,imported,windows,memleak"
7b4fac0a86d4545c4fe3ca9dd70a6d5e803a58dc,giampaolo/psutil,",bug,imported,macos"
85209aa163634d149d8ea9806b7e095e4e29bb0d,giampaolo/psutil,",bug,imported,windows,linux,performance"
fbbc28997983ee2166355ec89390f050bdc7bcae,giampaolo/psutil,",bug,imported,freebsd"
27663b4674b014b98172ef22417d507d8963cd2b,giampaolo/psutil,",bug,imported,windows"
9cb492b27ff3ec2066b757dd407ac8bbc65520b6,giampaolo/psutil,",bug,imported,macos"
46460516c8579149d9959454040f453c1a216472,giampaolo/psutil,",bug,imported,windows,tests"
7f0ba581966c6ff5be2ad1ccdf2824668eed7fde,giampaolo/psutil,",bug,imported,windows"
64bf13a18b5a854068ceebff90a5fcc110f4c5fc,giampaolo/psutil,",bug,imported,freebsd"
4405fb386909c757c6e68261481a9e281dc99701,giampaolo/psutil,",bug,imported"
96e39e12575e65da08854740607d8c7e9d76e381,giampaolo/psutil,",bug,imported,linux"
b454dca8a222a545add932378d70b6edd007ef23,biopython/biopython,",Bug"
024a4416d0d811ba86b9ed174a2a2070b75bc08f,biopython/biopython,",Style,good first issue"
f3a6b439920ad4415db4c100b0306e9b3139f374,biopython/biopython,",Style,good first issue"
21692b1de6ab2d3f0bd90251cf4b7db2f3f09e70,biopython/biopython,",Bug"
f3095f3a9ebe368e36daab60a5ac18fdb76ed8aa,biopython/biopython,",Bug"
36b5aee5652022d406e4a7529c1d23c525bf5d02,biopython/biopython,",Style,good first issue,help wanted"
9897bae04087a19720295b7348173d127cb9d178,biopython/biopython,",Bug"
ff71a1636a2fed2f9623411ea832ce084fe0ff8b,biopython/biopython,",Bug,Documentation,help wanted"
98622c4944cebcc62d3a1e98cc6d22baba509308,biopython/biopython,",Enhancement,Testing,Style,good first issue,help wanted"
a9d5ce625c67186d679e714c46f90fb1893a1961,biopython/biopython,",good first issue,help wanted"
706b7505da4ade4a1e52a13e35b139bc8679a8eb,biopython/biopython,",good first issue,help wanted"
3b8e984e25bca84ea3cb56d8a1eb67006dcd26be,biopython/biopython,",Bug"
b68b2393da5f8f19b9481fc716995590d22d82b6,biopython/biopython,",Bug"
dd269a0da04f5acba0c4bcd05615c1f5610bff7f,biopython/biopython,",Bug"
21863987024f784a929e2b46edefe38344350c2f,biopython/biopython,",Testing,good first issue,help wanted"
592febd8d6e2a77a7b236c3ee5bace53e2aafb17,biopython/biopython,",Testing,Style,good first issue,help wanted"
0cd8dd78657480eb2f9d69c8cecbc7e4b001cc13,biopython/biopython,",Testing,good first issue,help wanted"
531aa033a618b97f8311739a1979e8a314c926ce,biopython/biopython,",Bug"
90f7579faa7437d7c6b992b4174ee88e20c1ccd6,biopython/biopython,",Enhancement,Documentation,good first issue"
ab344c6eb27bc531a483ba74242f7e8ff9db1e95,biopython/biopython,",Enhancement,Documentation,good first issue"
a5c818671d95841fdce5e44af0a3cbc77a9b8870,biopython/biopython,",Enhancement,Documentation,good first issue"
841b81812f83c1606b7fecc32c69732f9841ffc6,biopython/biopython,",Enhancement,Documentation,good first issue"
16049177f5f4d4dddb6f7cb4ba9d5e2f2c5df654,biopython/biopython,",Testing,Style,good first issue"
2ceb458e076071feece69c886f5b27836ee21632,biopython/biopython,",Bug,help wanted"
0a439faa6cde1d74c0ffaf1cd559951a87983df3,biopython/biopython,",Bug"
5038f7c1dbda201392fe457c8e8ff35a2ede1269,biopython/biopython,",Enhancement,Style,good first issue"
0fb37be70b91e7065f035265e6699abb8c9583df,biopython/biopython,",Enhancement,Style,good first issue"
1ed427e21e2989fcb4efa6917d09abf8921d1dce,biopython/biopython,",Enhancement,Style,good first issue"
8a2ee1eba1acfad08d7d64d601625c724edf603d,biopython/biopython,",Enhancement,Style,good first issue"
2a231e5596d37607777853c62efba58b6d271f62,biopython/biopython,",Enhancement,Style,good first issue"
9b1a6ac375a23a459f2310d2695bbcca5a3f9a98,biopython/biopython,",Enhancement,Style,good first issue"
060e6cff5b6e8787affaaccba1de8081ae3261aa,biopython/biopython,",Bug"
bac6a3575fe644b31596d19f5214c4bee6967d68,biopython/biopython,",Enhancement,Documentation,Style,good first issue"
75b75aca81e8d877a572a6e7858f47ff0d85fcd3,biopython/biopython,",Enhancement,Documentation,Style,good first issue"
b99e2f17665e073c9cba3737228d148ae4bda60c,biopython/biopython,",Bug"
7948c6577d8382b856ec56b484623407d8e18d44,biopython/biopython,",Documentation,Testing,Style,good first issue"
a639eb5c5077763465b7816ad36450524b90bd94,biopython/biopython,",good first issue,help wanted"
6082eb036987c137e69508c3dab04e78786150b2,biopython/biopython,",Enhancement,Documentation,good first issue"
ac615a948232e2aad11b0143306d036d88285a19,biopython/biopython,",Enhancement,Documentation,good first issue"
f3bf2f3fc5f139f849239d732b3058bc08c4fbdd,biopython/biopython,",Enhancement,Documentation,good first issue"
624b206fb88c46ebbc474b945b625e9ff5a304b6,biopython/biopython,",Enhancement,Documentation,good first issue"
30865f6390c206b856179d1181ac79b8aebb9698,biopython/biopython,",Documentation,Testing,Style,good first issue"
3a72266e1b56800dfe01a48f92b7436b836e4e4b,biopython/biopython,",good first issue,help wanted"
78a32376070a4e832b80902d1c37ae1c27ec1636,biopython/biopython,",good first issue,help wanted"
baf6b3351b551094bc5840722d710d317c2f81c2,biopython/biopython,",good first issue,help wanted"
da4ed3831fd3d9fc7cef6c8fdd2f07bc0e689842,biopython/biopython,",Testing,good first issue"
1a271a7b1bcf10bfcb46b16e5e83d48f29110561,biopython/biopython,",good first issue,help wanted"
