a13a7b82d4664c767575097c4a60c0b5fcd1098a,scipy/scipy
60dc9730d5652f0632cd43caef437f01a734e374,scipy/scipy
a13a7b82d4664c767575097c4a60c0b5fcd1098a,scipy/scipy
028bdf88e6c71a705d0c6bfd55d1117c7f44f6aa,numpy/numpy
565fe77f9ed8ed5720b42ddc3dc30947a1f3e9ae,numpy/numpy
52c9e6f2e3e72081576fc7f629fe3eb0c67b143b,numpy/numpy
a9652077be95f83f56c9b77e7ad1ed7710516626,numpy/numpy
ce3d79a7c41e6be0a3ad0e8e3214f96fe29c77f9,numpy/numpy
fc2518ba6b11fc52b0ff477b9e83576be90562d8,numpy/numpy
8cb86fd7b454b40c7b822146d5e26c55fdc183ec,numpy/numpy
21e796e159dd4865a265b94a044ddb144e4e0af1,numpy/numpy
6ed9365aadf992087b26ec30214dfec151ac22a1,numpy/numpy
3d31770c61ea2412267c233d38ccc33d5d3a0610,numpy/numpy
f786041db9697f58b087e18198561db8b28235c4,numpy/numpy
4246ce2a391314acc1da90d56ff4f995d45e18a9,numpy/numpy
4246ce2a391314acc1da90d56ff4f995d45e18a9,numpy/numpy
608329acac78b98e9c1044dca23a4f287d639b24,numpy/numpy
842079e235dfac64cf99059286e295b307d073fc,numpy/numpy
52d173d9087f6fb09994b433a127f58d19875c98,numpy/numpy
a13a7b82d4664c767575097c4a60c0b5fcd1098a,scipy/scipy
1b144ad9d45647960c009ff4fe4e1b18958ff997,numpy/numpy
2b05f3e38431842ff06df9b2958d22c5a0588767,numpy/numpy
74f3d07ab0bcfd63f42f62b26eeb6ce68efd4f21,numpy/numpy
85d64e375f53f6028519d3aaad0b421934dcbe24,numpy/numpy
dea85807c258ded3f75528cce2a444468de93bc1,numpy/numpy
2e697d49a393aba2fcfa9991eaab4f420a58b5d5,numpy/numpy
842970f1aaa710b31ebd27427035b58b265e55a8,numpy/numpy
8598315e41ed38faf3fb71cdc7c6f62067a9b2e8,numpy/numpy
914c498abefb4f65e160cdf6b030ff8efe8b975c,numpy/numpy
6e6c5c4fdb6548ef6eae953ce453a1a89c290fc1,numpy/numpy
a0e082a087e9667e3805d3be859958a292e8f336,numpy/numpy
ebf8dce3a385f9da5b1e769cb1c41f8f928dfedf,numpy/numpy
6d8010c4654cbc7e9a04495a4401548fa47e332c,numpy/numpy
0aee4a24bedb154d07a3b5ba016a385b1ac2910c,scipy/scipy
89acad947b34e3e906072adf383b8021935f4d3d,scipy/scipy
89acad947b34e3e906072adf383b8021935f4d3d,scipy/scipy
2a2d8be5f52481938c817eb7150fe7152958853d,scipy/scipy
60dc9730d5652f0632cd43caef437f01a734e374,scipy/scipy
8fa4b7364d98659dd8fe28727f60d99a14b95850,scipy/scipy
a13a7b82d4664c767575097c4a60c0b5fcd1098a,scipy/scipy
e2091e9e4be2dffed8c6535547e8519dc002fa74,scipy/scipy
3f4396e7c8e21ea0c432c1747b221e64c162b6f5,scipy/scipy
77b133df433a7e37e01023a88132d7ba47faac77,scipy/scipy
88d625fc451d3714e640bbec693bb31abb6a05f5,scipy/scipy
e16b190160fb15bb9bf590236c9e739c360ab320,scipy/scipy
568a9a953d549ae9a48f0f6d98435249841b7b5e,tskit-dev/tskit
5910e04cb6b58d795623d3d4e30369e733ef41a0,scipy/scipy
ed220ccdf4bab8fd25293afec26a8cb321f12921,scipy/scipy
31574d601ed6b675eb2fe8dc82659864bd3ace14,CheetahTemplate3/cheetah3
72fa13564b89a24ca28d6a3ba96c6a696783e213,beancount/beancount
cb56a584b133e6062cd1efcedf36a7603bd82c6a,cjdrake/pyeda
ac3d052b9837220bd8ed05800e0aa2ecbb998584,univention/univention-corporate-server
6f73691564908f70967cf76b8f4f88e390f57fe9,python-pillow/Pillow
eb89e3a2b1833eb12124fb5f1f26f78342286143,python-pillow/Pillow
a13a7b82d4664c767575097c4a60c0b5fcd1098a,scipy/scipy
2e5ce839babe540865445316e7abf1cecef97264,python-pillow/Pillow
5f39e8e60ae0662b850484b2ad7a1eaa83677dd3,python-pillow/Pillow
d3a3b6dddba4af1153aa6c01be6d3be5f43636ca,python-pillow/Pillow
d3a3b6dddba4af1153aa6c01be6d3be5f43636ca,python-pillow/Pillow
9a683db33945aacf2fa9a277f680e29d54685930,python-pillow/Pillow
96f2ef14265b3515c17a64e7ca0d5fe7bd42cd05,python-pillow/Pillow
a69c37738ab5bf370e007f762272710a86a9bd5a,python-pillow/Pillow
bfa80cd3b387f5f6c1bce12172803a8b7f7c78e2,python-pillow/Pillow
ca3f6a25f40f6c51d69c71f1206e337684a36ef8,python-pillow/Pillow
7e484eba77d1fe3f62d9a91f90bf508d03b4ea1c,python-pillow/Pillow
e71757aa6f64f698a16acaece9bc5557302a1fe8,python-pillow/Pillow
a0eaf06cc5f62a6fb6de556989ac1014ff3348ea,python-pillow/Pillow
6e2075e25d49fa0ffaec5892b64e3dd4cd39a9fd,python-pillow/Pillow
9552d9bc66d159f349863a9190e4ae882d870d6a,python-pillow/Pillow
335ac83c1308b928bb316eb302114d76543868cf,ultrajson/ultrajson
a920bfa9d85bcd78836b866d1be80c1e3dcca1da,ultrajson/ultrajson
8568694cb569b8e4622a06f83cc2e00423da595c,pygame/pygame
4b1e75e537a08ba90c10c96160d5c80e53e69b06,pygame/pygame
e40d00db1f8015e8f37624f83a0bd334547cd8dc,pygame/pygame
f3ac656da14e0a40335c54a6b453c2d15184d4a2,pygame/pygame
a36ccd65e50494e65fb241f55b31862f7578a737,pygame/pygame
ef30264c6c85d4eeebcbbf3c9b10106782ed4a0b,pygame/pygame
fc3e6afca4c896a2b1c1e964eaf563e3cca21149,pygame/pygame
bad58d0a7504ad1566504953a9c06ab2301c987e,pygame/pygame
ffd17758a238409a472bf13b00549bcc9647dac4,pygame/pygame
1aeecd40314ec00c93d975b31a1f4518979d49a9,pygame/pygame
20ff3f8e021d207b6053dd98eadf606c1eb8f451,pygame/pygame
40a77c6b9d2c13f017c63f00a85ef4d200b3be3e,pygame/pygame
c3997fd84a3ed3608f59d71467363812b5870f90,pygame/pygame
1513720270e118a957b8028121b12101c1c04f8b,pygame/pygame
d33b702dcfdc3b13479e490961b7f51c7e773d33,pygame/pygame
d5d5fc59d792bbeccc6535260d5d9fab61e84ffc,pygame/pygame
0e7f7b8327a18386843cf7baf4c24f07d826520e,pygame/pygame
26a33627b8cfd28a31604345aaa8f9c0241b7e14,pygame/pygame
4c23a6ce02e4fa25ee62ba3d996106dcfd7d3cd4,pygame/pygame
95bf50120604bf9367f2df043d57f7fda81d49ba,pygame/pygame
9f70cf7ffd26fa5268d33ba02ae6dfc924e63bc1,pygame/pygame
9f70cf7ffd26fa5268d33ba02ae6dfc924e63bc1,pygame/pygame
c7ec15285c23ce54f466c9a3482b4d087eb8b0ff,pygame/pygame
b88f4d839dc4d665526e91b098d018a3d796a0ac,giampaolo/psutil
19461905377ce3060b60df1949c082086492dab9,giampaolo/psutil
2963b5f264b451a67dd26e19d38ab890a5bafa41,giampaolo/psutil
72c84cb4edb5c0968a83c1f45ad5cc51235e0af3,giampaolo/psutil
b2414b83d3d728ec34ea0e35bfb21517ee231401,giampaolo/psutil
b4c2124ff1f8f4f1f7f50ad0af6945b0d7e945df,giampaolo/psutil
d180e25b871c314614aa96eccadb0bcc0a5df676,giampaolo/psutil
7381d4d15dd7fe108e1bf350c3f76035922c6ed4,giampaolo/psutil
842a50538fb518291079ab5f245cca4c63813cb2,giampaolo/psutil
9c75262c01266a3e2e31cd09d5d9c710d0270e18,giampaolo/psutil
ab90e4e6ac73c249cf7aea7e92aec2b6a07ef041,giampaolo/psutil
a759a044123c88a856aedb1e1994e8944981ecdf,giampaolo/psutil
fd2205bad09db0efab8958c359897fc1772dc187,giampaolo/psutil
69a273209a41f3c51bdc22d12c9f833ccc68dd55,giampaolo/psutil
ca8b7f49cd2a7c1dd83e514b15e28ab709903227,giampaolo/psutil
852cb32371d1f285b75b8ec70a60210dbfa169c6,giampaolo/psutil
5f02dd0c04576633bd0740c756bef3a64efe3ebc,giampaolo/psutil
984f060eefb328310060e0ec480c5c887b0f9704,giampaolo/psutil
08c6017fbb2820e7cefed8b0f41f59877969f7f3,giampaolo/psutil
241c6baeaf2c59c609f47586a0404cd6c619d205,giampaolo/psutil
998ceccf9371bc13ec095c5b2941968971dfe33a,giampaolo/psutil
998ceccf9371bc13ec095c5b2941968971dfe33a,giampaolo/psutil
7f9cb6ec8d975b80957b77c2c5fbeca07236e170,giampaolo/psutil
84171a34b489fb77631233b14060222c2975ab12,giampaolo/psutil
fc024a3cc2f95b46605c8f7c48c64ea6b3f25af5,giampaolo/psutil
0fee6ea576e8ea109369d99ff19c02170d398eb5,pygame/pygame
24682c6c2033f45eb1328eac81d58d82d7127044,pygame/pygame
83c1c1c048a17cb3fac7309c02b3e54af2870ad4,pygame/pygame
fe2dcee303773d2496685fd3c1b91c9e0ea93613,pygame/pygame
46460516c8579149d9959454040f453c1a216472,giampaolo/psutil
46460516c8579149d9959454040f453c1a216472,giampaolo/psutil
73a84d21d61bc66d90b8a2ec86c44fa92171bc0d,giampaolo/psutil
85209aa163634d149d8ea9806b7e095e4e29bb0d,giampaolo/psutil
119cfcffe1885fca178e15710f084b25d387a658,MSeifert04/iteration_utilities
119cfcffe1885fca178e15710f084b25d387a658,MSeifert04/iteration_utilities
119cfcffe1885fca178e15710f084b25d387a658,MSeifert04/iteration_utilities
119cfcffe1885fca178e15710f084b25d387a658,MSeifert04/iteration_utilities
dc5e033ad648e5373ae1f34d4409380bbd4ab8a1,MSeifert04/iteration_utilities
dc5e033ad648e5373ae1f34d4409380bbd4ab8a1,MSeifert04/iteration_utilities
1361a3a3e1c0d75dd4ee2ad2609d2f795bcdfc6f,MSeifert04/iteration_utilities
57de78a13043dfb6deb4f479f962e2c008aa753d,riverloopsec/killerbee
590bcd2ecc9c29300e2f0225b8a6fab857b838d7,pygobject/pycairo
065a7a7aed9e5523dcbf41568d89e94fc0af44b9,pygobject/pycairo
42eb8a30f57676e74a194be297d051f457cebf23,pygobject/pycairo
65aea3dfdc5b131bc39a69ba00062f799fd72489,pygobject/pycairo
be23eb87cf592a4ee5c616b2de3864fd8c2d5b43,pygobject/pycairo
e2154f115d8ef32221f8a1fe08bdee49d23518ba,pygobject/pycairo
07ee64b3fb51a16ded90822a0fb00cb8b180b839,pygobject/pycairo
335e105bc1208fd3a99c419a448792dd5f95ca5d,adafruit/adafruit-beaglebone-io-python
5df30a8b735470e9b47f4f416a955043d85576a9,adafruit/adafruit-beaglebone-io-python
9298393cf57e7fd9c2414cf8a736df022fecedb3,adafruit/adafruit-beaglebone-io-python
794d7136b4f14e417cd5033dd4be8545b5d741b6,adafruit/adafruit-beaglebone-io-python
7fb13f9f3d4c559b14c55721e0a51024fb12608a,adafruit/adafruit-beaglebone-io-python
ca0a4afcdb34edda24885c7686506d8ddf2b8913,adafruit/adafruit-beaglebone-io-python
73ea172d212d59c6159d8e3d3ad18ffc9ac61f21,adafruit/adafruit-beaglebone-io-python
8e64f67ff0a953bf4f3f552726ad6e8f2070e038,adafruit/adafruit-beaglebone-io-python
b65cbf8e41b444bad7c4ef6cfd4f88a30210fd78,adafruit/adafruit-beaglebone-io-python
03cc710bf7f72ef1f687502aacad79e5fa92fd9b,libcsp/libcsp
60cf99087d9e9851cac3736031a573bbc462c64a,libcsp/libcsp
ba15bf68a78c1397aaaa7673426ff9ccb44bad35,libcsp/libcsp
c16ce5c8ecfe14ffb7f860b4bfebd078c2153ba2,libcsp/libcsp
9b23d8d2863715e3654a8bb4a33483aa5adf40fd,ghaering/pysqlite
ae4c5454849f3e0d08c35ebfface95d297340a14,ghaering/pysqlite
4204ce1044a4d8ac615c2121ed155bc02b95bbc4,morse-simulator/morse
82f140be8f098e00e4eef35e8f6582c8b7067fba,astrofrog/fast-histogram
e384cdf1fec4ee65a594ca4e91478eb3c98b2d18,astrofrog/fast-histogram
348716178fb29fa21d1d45facd86d2652d62b702,bastibe/lunatic-python
71611c696e94d5aa7f9c90d0092abb6e61ee5880,bastibe/lunatic-python
bf894ed520b97645298e4e6eae377b028fc04cab,bastibe/lunatic-python
86e931130c32b98e2ac04b6a69c784f80997030d,bastibe/lunatic-python
ccaa0870786d15057f91d3aa4fcd6294f0569f59,bastibe/lunatic-python
cfe4ddc978c08d8aefb2d600b9922fe71dca332f,bastibe/lunatic-python
cfe4ddc978c08d8aefb2d600b9922fe71dca332f,bastibe/lunatic-python
36db8c459379a8287224e95261d0896e67cbaf70,python-lz4/python-lz4
b6a96a17c130ddce9f99fb0cc4443377b856c7f2,python-lz4/python-lz4
1945d46d7ccf569046f24087e96f58392ded260f,spglib/spglib
876fb9d2499be0fe275018c3000b188c7c6c3a75,spglib/spglib
bc73d97fbd8bb964574e85022b5a11efd0ff8f77,spglib/spglib
36d570bc3fbeda20903bfbbb7db05e40d284a319,spglib/spglib
9218fa14771d967a20f00764b335bc2a265790a1,spglib/spglib
c571f29d57d51ed5d8efa1eb78e42e7f48082897,spglib/spglib
81bfc112257504a3ab2cc3de3ae38ca6fa4bbf04,bcdev/jpy
58f81d92b6fdf4bf2623b88a1414ba64bfc18788,bcdev/jpy
d183a296be7b54cbd347ed37d41ee9845428a9e9,bcdev/jpy
8ef5c56c3609ee46687af3864cad3bf2281aafb1,bcdev/jpy
c304a392db88c468f0412167cf1abf284e550ed0,bcdev/jpy
d486131848893714ca04f3fbf2227f71b471bdcc,Nykakin/chompjs
ee79fe889b155e7ee1ce249b7361726254b52d0e,Nykakin/chompjs
a8718cb2e9d89eaee2e236f8c2e537dbe65b1317,manodeep/Corrfunc
f606c8bc7c7f358ac4085a4c8702d51f44bb1cf3,manodeep/Corrfunc
2ba224c060db935c45ac377c07fa67dae88e4552,sergey-dryabzhinsky/python-zstd
4cdcd8fbe28ab7e775add1db975400d022bcdc9c,sergey-dryabzhinsky/python-zstd
4cdcd8fbe28ab7e775add1db975400d022bcdc9c,sergey-dryabzhinsky/python-zstd
4cdcd8fbe28ab7e775add1db975400d022bcdc9c,sergey-dryabzhinsky/python-zstd
8416a3658cf56122cec8b4502048e7b432999ba6,sergey-dryabzhinsky/python-zstd
8416a3658cf56122cec8b4502048e7b432999ba6,sergey-dryabzhinsky/python-zstd
9aca7f27cd8c33d142593ae131c11d90ecb785fd,sergey-dryabzhinsky/python-zstd
a542fd7c8de0c081c0e563940ece5510b71e3c35,sergey-dryabzhinsky/python-zstd
8da60e2cf257bb4b087922a40a315f11e506d8b1,apple/ccs-pykerberos
60619c7c2585b0f780acd48df020e5256a822be7,esheldon/fitsio
60619c7c2585b0f780acd48df020e5256a822be7,esheldon/fitsio
099d342bd36b1e9a9a650480a9c640050f025216,MSeifert04/iteration_utilities
099d342bd36b1e9a9a650480a9c640050f025216,MSeifert04/iteration_utilities
09cfa19e4cdb3f37a1489c90fdc5a597d1b7db30,MSeifert04/iteration_utilities
09cfa19e4cdb3f37a1489c90fdc5a597d1b7db30,MSeifert04/iteration_utilities
20c9b633321168e03a8ba761fe4994fc02b8c173,MSeifert04/iteration_utilities

